progress,s_m,d_raw,d_smooth,d_final,x_ref,y_ref
0.0005058595799158001,2.977896564127395,4.153428395107312,3.1275923756060875,3.1275923756060875,2.6513428679341016,3.7507597814253444
0.001327744777122601,7.816174224652636,4.103432224167206,3.1275923756060875,3.1275923756060875,5.487499962294802,7.670410506603882
0.002986843802640685,17.58296620368321,3.9597270262865414,3.1275923756060875,3.1275923756060875,11.21220950778111,15.5832151248883
0.0045005114858159,26.493632269765072,3.731403632445902,3.1275923756060875,3.1275923756060875,16.43457524684341,22.80280921226543
0.005577444430118352,32.83332621243524,3.521536750869872,3.1275923756060875,3.1275923756060875,20.149898638524327,27.939609866058074
0.008059053708207368,47.44207543086063,2.7484925694728815,2.8510455010907334,2.8510455010907334,28.934576235178973,39.61495899528073
0.010313824307193919,60.71546964182949,2.1286292467537553,2.581990330221565,2.581990330221565,36.930034514925424,50.21324216424716
0.0103900895298261,61.16442811460683,2.1141607778596248,2.33033307452204,2.33033307452204,37.39702345827532,50.42960898365197
0.014960626536288298,88.07028695002981,1.6875207574916917,2.1044441650588523,2.1044441650588523,53.344181891367995,72.10118990300538
0.015667504268879133,92.23153812469529,1.6645065244691264,1.9021126553399523,1.9021126553399523,55.94612503534035,75.35491146073913
0.017320108105402146,101.96009419447412,1.6819356863446924,1.7846000304877379,1.7846000304877379,61.74101729860448,83.1701139641734
0.01937972632725227,114.08466447004852,1.6948117249908166,1.7357587368201841,1.7357587368201841,68.8839242536422,92.96736556156542
0.020490934638134634,120.62613080257738,1.6984034472772114,1.685706707558614,1.685706707558614,72.7568629190766,98.23932561998267
0.02183606950315997,128.54467707882594,1.7005531633997704,1.6817157915581273,1.6817157915581273,77.39925135650323,104.65427922425738
0.025624490562266084,150.8463720615675,1.6908789458029534,1.6890138363921356,1.6890138363921356,90.45915707157411,122.73205268383366
0.025814971259179368,151.96769472776091,1.6890576037457707,1.7277586465667283,1.7277586465667283,91.08471519573958,123.6634722604648
0.02732411453465978,160.8517264892571,1.663692514505494,1.8786823341972518,1.8786823341972518,96.16741465257829,130.95150735185467
0.028512387899820423,167.846859747275,1.6516025134873102,2.1029552227265302,2.1029552227265302,100.0840809074955,136.75169396346183
0.03230196386478164,190.15535343525877,1.730188927975202,2.3423739023127186,2.3423739023127186,112.9611650124133,154.97018182624657
0.035020569570501266,206.15925434314934,2.030638977916027,2.653083618314814,2.653083618314814,122.08725919420857,168.1208464054934
0.04023915567043952,236.88005164266042,3.0531249136655263,2.9848673689086516,2.9848673689086516,139.82248726931513,193.2079484324926
0.04272545484164521,251.51640934603452,3.7168594440407183,3.3649800263444356,3.3649800263444356,148.09358739195955,205.28946765724697
0.043465679364072037,255.8739665605971,3.855321279675466,3.7393547328529926,3.7393547328529926,150.34444141597896,209.03933989258772
0.04719933589310765,277.85327344907716,4.487266389821813,4.061529247665899,4.061529247665899,162.9588514680143,227.03800627252727
0.04830660250198434,284.37153575162307,4.675111359090309,4.2707056818903695,4.2707056818903695,166.6034083240198,232.44461677041608
0.05047636196117294,297.1444859833378,5.08470643142755,4.249646268032653,4.249646268032653,174.08354607354093,242.79100094643496
0.05165651845022641,304.09183677675355,5.02097487206432,4.100574198536304,4.100574198536304,178.25829962541115,248.34302531429262
0.05306558648490133,312.38674513803954,4.629759561291363,3.8605586597519537,3.8605586597519537,183.28470201258668,254.93905517422957
0.05528172736309308,325.4327337261927,3.9132268859362607,3.382361641886692,3.382361641886692,191.25483450843174,265.2669834006647
0.05814353391809248,342.27963006993394,2.863590188946079,2.6156221938389406,2.6156221938389406,201.63200656000654,278.54899878166555
0.05923754903062267,348.719883401203,2.3752108185735747,1.722951406716405,1.722951406716405,206.08187639400273,283.28824067125146
0.060108870597477285,353.8491833160496,1.6951814306163104,0.6359975650107386,0.6359975650107386,209.93992273934262,286.84218748838754
0.0618728426666009,364.2333424234727,0.18349322903446247,-0.394554689397346,-0.394554689397346,216.8409508720904,294.6743118343924
0.06406512214726771,377.13886362398324,-2.225543673339456,-1.2978402281470183,-1.2978402281470183,225.11321162040215,304.6369451405147
0.06453561650141217,379.9085720100166,-2.949330652675269,-1.8178622109193725,-1.8178622109193725,227.11252711231478,306.6163555286793
0.06597337624300811,388.37238284711077,-4.761609703286677,-2.2498984557811763,-2.2498984557811763,232.63517873563325,312.8526078516271
0.06832230709514664,402.20008008103576,-4.645210728381399,-2.40845901606282,-2.40845901606282,243.2752580555402,319.89796481029947
0.06885696007521068,405.34747776914156,-4.216342962810789,-2.2744961784926376,-2.2744961784926376,245.90402013916065,321.1143287506183
0.07134853072754692,420.0148676525312,-1.8166076560051097,-1.7650912973883068,-1.7650912973883068,259.5723248648483,325.88408099945946
0.07167550828107144,421.93972065887255,-1.5131153851826615,-0.8256806332181356,-0.8256806332181356,261.18523157488187,327.2758349958679
0.07370691425178909,433.8982109212391,0.26813638808151735,0.35488656917466266,0.35488656917466266,272.5847889261257,330.922302218546
0.07520931925186324,442.7425757712501,1.3891587671661072,1.6185066584263441,1.6185066584263441,281.28666616684944,333.14727918482373
0.07646553675392327,450.1376828952546,2.359100256599522,2.76314274065407,2.76314274065407,288.7707338569581,334.6296104607654
0.08013886189683163,471.761830694947,5.505365324856271,3.6205224825725986,3.6205224825725986,310.59673942054127,334.95921621762574
0.08061907813081881,474.5887698891532,5.863495118248507,4.318526610200376,4.318526610200376,313.4508813197686,335.533122848971
0.08357286574433347,491.97714076257114,6.727370074883735,4.776135930911097,4.776135930911097,330.74057659862996,335.49920512493384
0.0857573075973845,504.8365233798174,6.085381777238743,5.033177741228773,5.033177741228773,343.5893355992254,335.5373026186638
0.08632920805735873,508.20318970857136,5.899810021261647,5.161577043279719,5.161577043279719,346.97296194518157,335.5908046805632
0.08911814619488258,524.6211239081738,4.7689217634673335,4.976793902556572,4.976793902556572,363.5066269207276,334.7624571917893
0.0901484460428868,530.6862979193162,4.386620274478003,4.797715072698693,4.797715072698693,369.6834774129156,334.1524537407288
0.09277126934679879,546.1263465318834,3.7025350600251916,4.48928484492976,4.48928484492976,385.1442702507057,332.42848461977474
0.09407086114340941,553.776789657897,3.5146939750580426,4.247348024639634,4.247348024639634,392.7394030305686,331.4170857496723
0.09763528082213993,574.7598322567273,3.8423170583479505,4.0279118484597305,4.0279118484597305,413.5222944035699,329.39727911249736
0.09947314737077136,585.5789937351067,4.251785649527592,4.009540191918154,4.009540191918154,424.06999514143433,328.99680635100526
0.10052140956668962,591.7499085807823,3.951498024963346,3.913554342999725,3.913554342999725,430.10188155023275,329.00264674322017
0.10236193344413332,602.5847132349638,3.907950394627599,3.735143798168836,3.735143798168836,440.6061272070829,329.6948660373832
0.10244412732256636,603.0685725467096,3.9248844356425145,3.58360232534256,3.58360232534256,441.10201279398143,329.6022782845379
0.10595228921341825,623.7204365341612,4.603576854593149,3.3898269135409325,3.3898269135409325,461.2177961555472,332.76157027760047
0.10990432176202883,646.9852804060238,3.5227476342121444,3.1186957895052334,3.1186957895052334,482.92632520254267,338.93082118333336
0.11160269655798945,656.9832811759875,2.096840156547189,2.810999783652799,2.810999783652799,491.79278911028354,342.9026579819453
0.11260603193462913,662.8897206097531,2.150820719621556,2.462630137963736,2.462630137963736,497.0223910886519,345.44664648587315
0.11335216373667742,667.2820528258902,2.098338352133305,2.099902973816728,2.099902973816728,500.90595151929523,347.3686963308405
0.1144710498861881,673.8687170951173,1.8116055332063015,1.7043657761819322,1.7043657761819322,506.61634231020406,350.56133874871495
0.11617925510444392,683.9245876414756,1.1822339722914328,1.4764223498679803,1.4764223498679803,514.9374844051302,356.07592439454794
0.11795785677532793,694.3948683576347,0.7726235834260292,1.5058912532714679,1.5058912532714679,523.2513894232806,362.3552825658461
0.11900995944872476,700.588391344269,0.6603399583194465,1.5816470690194742,1.5816470690194742,528.0433139372429,366.2208028667846
0.12238174953144956,720.4374611275798,1.0437420758799876,1.7369841857190915,1.7369841857190915,543.274943848011,378.88527464526044
0.12358275785152946,727.5075625783611,1.4712567973865776,2.0164129092651106,2.0164129092651106,548.5016006579752,383.64373632493334
0.1254718401311731,738.6282210639455,2.362060287178576,2.3954544262152684,2.3954544262152684,556.7131462585639,391.1312621095603
0.12639153597309088,744.0422908896965,2.832623061353613,2.8898951484240034,2.8898951484240034,560.4924459512464,395.03070297680114
0.1277132646798043,751.8230496826515,3.496372402429862,3.406632199214419,3.406632199214419,566.0319764242488,400.5014018982996
0.12973198424725085,763.7068575663263,4.3264640451204714,3.9811307179922255,3.9811307179922255,574.6205579321738,408.72303112935583
0.13049277873066392,768.1855061243707,4.5936076248428535,4.527168746434274,4.527168746434274,577.6388816974317,412.07399867868685
0.1326638844040955,780.9663812564489,5.222590083304645,4.950725471481294,4.950725471481294,587.0106456406216,420.7834586790959
0.13304207970215817,783.1927431232292,5.310973415433184,5.317017518964672,5.317017518964672,588.4526359563698,422.51857276635445
0.1375776553362131,809.8927911864491,6.214228744880249,5.525093191131507,5.525093191131507,608.6402102862496,440.0913108976042
0.13897899075791378,818.1421791651587,6.385599053365013,5.564979870474327,5.564979870474327,614.9101966240471,445.4546497911482
0.14140854263888403,832.444476652368,6.174070812601757,5.484119595167521,5.484119595167521,625.8161244342128,454.6548133469289
0.14167588416144142,834.0182639899623,6.129251488704023,5.304307060421667,5.304307060421667,627.1257596207408,455.54527140031956
0.1441534990254006,848.6034988724233,5.369053451931369,4.621541824619804,4.621541824619804,638.467989013931,464.606827615486
0.1449390860275105,853.2280961466225,4.685444159205847,3.736992040290695,3.736992040290695,642.5088029442828,467.0112336690215
0.14562947669662216,857.2922911981336,3.865865147081607,2.497988826519416,2.497988826519416,646.4298102887445,468.7612911617582
0.1458023057895701,858.3097023187386,3.6042772705919512,1.1975718206922752,1.1975718206922752,648.0573447242767,468.4387690678741
0.14800343683977468,871.2673309806083,-0.8339137067835833,-0.25150871560374655,-0.25150871560374655,659.3892257491237,475.0180874016948
0.14844586275138763,873.8718059265854,-1.746719314081727,-1.5296806993596535,-1.5296806993596535,662.3177582467621,475.2946026118736
0.14971932833728513,881.3684491519837,-4.765429870576499,-2.7073326309584913,-2.7073326309584913,669.2736206614455,477.13098098180757
0.14998725703518084,882.9456930761327,-5.529682239842509,-3.6444438297732216,-3.6444438297732216,671.1207547824365,476.71922624689523
0.15268259474125542,898.8126198138224,-6.912473337960173,-4.534102910028981,-4.534102910028981,684.0951808639265,474.5258764663872
0.1533715522323401,902.8683780261556,-6.134494401871795,-4.673581402872042,-4.673581402872042,686.7138896253158,472.7420910311244
0.15415751932087904,907.4952127949404,-5.913423225183692,-4.582766066989311,-4.582766066989311,689.7948090154628,470.4649081101843
0.1552761748426023,914.0805194034193,-4.568135642250967,-4.049744370671853,-4.049744370671853,694.0828795693604,466.54637795259316
0.15548457860222784,915.3073516398343,-4.40265445170988,-3.3129519841734614,-3.3129519841734614,694.9196546365598,466.49881764215087
0.15651317585623956,921.3625028126207,-2.0892201423711407,-2.4134832923604543,-2.4134832923604543,698.2619983623384,461.9686495235882
0.15701357770586655,924.3082707843081,-0.9293812911371376,-1.5198032551665308,-1.5198032551665308,700.1850637823991,459.635812405247
0.1574734007786897,927.0151594210608,0.031765396280620854,-0.6489515247449369,-0.6489515247449369,701.8476911687499,457.52046050497876
0.15818548870067028,931.2070819632326,1.1014492386430115,0.09534324386493401,0.09534324386493401,703.9154237659735,453.82041804505707
0.1582548433260424,931.6153590994219,1.1827448883568914,0.7700122712575801,0.7700122712575801,704.6851607389218,453.65425292684205
0.15915297935960943,936.9025105435509,1.9086259328735162,1.1740903566465868,1.1740903566465868,706.7751004382483,448.7776367747934
0.15918348703893775,937.0821032943029,1.9242423486106557,1.3368988708752754,1.3368988708752754,706.9870348549875,448.6601468408562
0.16041396675756153,944.3256971132201,2.1305172752378705,1.3494819950369044,1.3494819950369044,709.3270424282173,441.8031435671144
0.16153088876101385,950.9007988381545,1.6693667948239348,0.8979079862116062,0.8979079862116062,711.0023668385261,435.42611760180574
0.1617170015693997,951.9964085975358,1.5474826261299195,0.43180600200500924,0.43180600200500924,710.9100311206729,434.23883377395725
0.1628175527613431,958.4751385519633,0.5358953369210613,-0.37943960350371414,-0.37943960350371414,712.2030256189621,427.8382537926279
0.1631430655679755,960.3913688793823,0.14501351373528196,-1.1946133050467307,-1.1946133050467307,712.038109911509,425.7628137219254
0.1654696259921812,974.087375772501,-2.962716840784672,-2.0967881701013704,-2.0967881701013704,715.5068428726876,412.4857011559669
0.16550789273521357,974.3126446161106,-3.012172969502483,-2.944054456813038,-2.944054456813038,714.7737437123678,412.00469360673435
0.16759479898145332,986.5978541625379,-5.392584516704995,-3.762950621510693,-3.762950621510693,717.8422741826471,400.0898195372899
0.16761599759195758,986.7226462429715,-5.412320965276493,-4.452852746036759,-4.452852746036759,717.2259533044188,399.755549578942
0.16876985621996918,993.515186663806,-5.989056510253887,-5.0292076040866425,-5.0292076040866425,718.8054994901437,393.1227861564519
0.16921734423286575,996.1494612115268,-5.956029785581075,-5.237373624932602,-5.237373624932602,719.4421967503323,390.5467853613823
0.1697551992311815,999.3157085557992,-5.822582856148976,-5.265954358827358,-5.265954358827358,720.4175556139162,387.5344239665656
0.17010201297212474,1001.3573333239196,-5.673223783813529,-5.025211429490849,-5.025211429490849,721.3081221865385,385.6563642899129
0.1709130855126643,1006.13195898611,-5.042180208713672,-4.616841827701515,-4.616841827701515,723.251163926297,381.2416773742692
0.17108598844206907,1007.1498047675178,-4.836211028398312,-4.119158206650384,-4.119158206650384,724.0563372957442,380.4421982753384
0.17202906187673644,1012.7014939166752,-3.2693995745552744,-3.431872752450886,-3.431872752450886,726.6085784204968,375.3986186375254
0.1720525613434423,1012.8398306882627,-3.2258981526764177,-2.7235707433193554,-2.7235707433193554,727.3232517279414,375.5087247494857
0.1728408715325985,1017.4804588328273,-1.7369945491724932,-1.9300170887577022,-1.9300170887577022,729.8638981213437,371.4191984634505
0.17295328388863068,1018.1422084212198,-1.5099039207936984,-1.1309192273797384,-1.1309192273797384,730.8697024998236,371.1118978709626
0.17381087362852932,1023.1906717522891,0.22953930221439894,-0.2467610189554826,-0.2467610189554826,734.0238475053932,366.9507154985508
0.17395613448178196,1024.0457940292563,0.5521352260347976,0.5638687100296003,0.5638687100296003,735.1646714331591,366.56121471435387
0.174490097409513,1027.1891295140292,1.468759107241354,1.3491706966477794,1.3491706966477794,737.6084327086122,364.47695953764946
0.1748112286758811,1029.079566569527,2.1497005436879997,1.8824633166472102,1.8824633166472102,739.1781336521972,363.24259661061126
0.17547479584498302,1032.9858569144985,3.121212847419991,2.329821460024574,2.329821460024574,742.0868417333959,360.9758808380992
0.1764702645633467,1038.845986867172,4.026267986310472,2.5317972141252088,2.5317972141252088,746.6543729090873,358.0886139836396
0.17697848133627156,1041.837759766238,3.841819726887195,2.659522515283847,2.659522515283847,748.8969122215577,357.73188889816396
0.17797454017353456,1047.701363633635,3.062639030822382,2.587265167796639,2.587265167796639,753.6625245408043,358.02806524698383
0.1785529130433379,1051.106131775139,2.5163193696025807,2.4134164253834833,2.4134164253834833,756.0732387202662,358.8725075576981
0.1790220939009448,1053.8681078635518,2.047321089120107,2.1210390340193306,2.1210390340193306,758.6460728391468,359.81635219646813
0.17937041886446844,1055.9186289038955,1.701662936462541,1.709242986112186,1.709242986112186,760.1400746737595,360.4340687782402
0.18044416888925424,1062.2395856209228,0.8184429798564825,1.3016578835569377,1.3016578835569377,765.1192030317515,363.9409883015271
0.1809165434675924,1065.0203625196195,0.5850618619696024,0.9774507476044718,0.9774507476044718,767.298455102615,365.5292326896753
0.18128879044712543,1067.2117077967866,0.4898163251426134,0.6938554754992329,0.6938554754992329,769.034751385604,366.88282354306267
0.18180947999805205,1070.2769055042997,0.3201035551461715,0.38527190245237974,0.38527190245237974,771.3417245355714,368.8646167685972
0.18223585132331427,1072.7868702355245,0.17355380388996083,0.09814082654016319,0.09814082654016319,773.1987903693107,370.56379677271434
0.1825260004060689,1074.4949212262036,0.14477480725018915,-0.19069674062395736,-0.19069674062395736,774.5242300693245,371.682145802807
0.18294512098630497,1076.9622022373644,-0.036038079344570303,-0.583280520904586,-0.583280520904586,776.251282161461,373.45937620077945
0.18394511244413367,1082.848956674081,-0.729931068301571,-0.9774117577840502,-0.9774117577840502,779.6864173102501,378.3152675529355
0.18415610970329538,1084.091056335814,-0.8825167467474081,-1.3970300692056226,-1.3970300692056226,780.6477275846992,379.1763534536749
0.18507193839765607,1089.4823610190622,-1.7810951246206026,-1.8570795550732053,-1.8570795550732053,783.42017981214,384.0827878641899
0.18646167868360075,1097.6634906978418,-2.948192160556056,-2.3363865396577777,-2.3363865396577777,786.8516491756028,391.60538029955376
0.18660424867203432,1098.5027723790836,-3.057364806772564,-2.801517257481491,-2.801517257481491,787.5767157106528,392.22536304258335
0.18715558703916085,1101.7483936825508,-3.45646124764798,-3.186673553624376,-3.186673553624376,789.0643955916245,395.18802102687164
0.18831668586605435,1108.5835557403575,-3.966891568918283,-3.554432932503321,-3.554432932503321,791.7261428432613,401.51288706913357
0.1893191597751114,1114.4849238826891,-4.168988054010962,-3.8298506207508782,-3.8298506207508782,793.9519732730614,407.0418387711406
0.1904532180122753,1121.1609032691679,-4.222214539757992,-3.9517967370548965,-3.9517967370548965,796.1939288253042,413.3799492978989
0.19089221907871712,1123.7452168204165,-4.196337733587534,-4.0503261921658815,-4.0503261921658815,797.0814503478639,415.80837748566086
0.19269833501810607,1134.3774686623553,-4.192351156657916,-4.038129938025701,-4.038129938025701,800.1646365602002,426.17194495486535
0.19318960868793822,1137.2695008221158,-4.2598543188486175,-3.961523355564773,-3.961523355564773,800.853105644083,428.9824811312984
0.19499261074314594,1147.88342183595,-4.045707207292218,-3.7524773961693665,-3.7524773961693665,803.2943072962493,439.4373134377242
0.19530448936270003,1149.7193903664847,-3.9441299027714356,-3.4039539796036173,-3.4039539796036173,803.3896283459086,441.35977425537186
0.19850916996101045,1168.5847192477186,-3.3466949603863485,-2.9633732963594372,-2.9633732963594372,806.6742662109506,460.09609590164365
0.1991899678404647,1172.5924434197693,-3.277432326769928,-2.374216167799828,-2.374216167799828,806.7357712461563,464.196637642251
0.20099385193486086,1183.2115568260638,-2.2875744194523078,-1.4127600273533356,-1.4127600273533356,807.2441132769761,474.91761146117904
0.20261086026693553,1192.7305691121453,-1.08550379066625,-0.22367392831652033,-0.22367392831652033,807.0648561509337,484.5477554994418
0.2034785034824319,1197.8382152908441,-0.2311115843899129,1.0963063728981028,1.0963063728981028,806.1734952742288,489.75473870140763
0.20465862895126094,1204.7853834742562,1.1100630003785696,2.376174227169237,2.376174227169237,805.3469628262729,496.72616920895683
0.2074736936296841,1221.3571195182153,4.393250945169811,3.5000933067294167,3.5000933067294167,804.6757015734338,513.1701458624699
0.20952368143246886,1233.424997397353,6.656067684039121,4.0259687465573455,4.0259687465573455,803.4948477466583,524.9104533445444
0.21075093885301016,1240.6496221767002,7.935692808160172,4.289204532556884,4.289204532556884,802.1165311693228,531.4783938519204
0.2110354860526818,1242.3246959755897,8.172115728053862,4.2389924804894275,4.2389924804894275,801.7689377935781,533.1156136963475
0.21379242794532788,1258.5542745297334,6.837839389271684,3.955124723487997,3.955124723487997,794.9422152645146,545.6017706014244
0.21666706140254255,1275.4766803420146,2.445304538999056,3.085380041219546,3.085380041219546,784.1593205533821,557.8088891494937
0.21737537238868684,1279.6463688004676,1.2836182833295857,1.8150348748143301,1.8150348748143301,782.0147564999772,561.5516085878195
0.21884874423301204,1288.3198211320976,-0.6830200529970103,0.34622151712449134,0.34622151712449134,776.5583192943868,568.4188282431298
0.2194393698857171,1291.796719013855,-1.4447468126343033,-1.1548321280106844,-1.1548321280106844,774.9302215972898,571.8301990735363
0.2213021500630097,1302.7625421590992,-3.4344511952462513,-2.4933374121003293,-2.4933374121003293,767.4659583833187,579.9969095423186
0.22423275481387328,1320.0144400471745,-4.777038813607827,-3.3091870134172465,-3.3091870134172465,754.8833321764383,591.820756754377
0.2263870034309987,1332.696080980577,-5.283627411048374,-3.9794852895652904,-3.9794852895652904,745.7046253027088,600.58968249361
0.22670459640546442,1334.5656888025933,-5.337367078162717,-4.371787713142727,-4.371787713142727,744.5447660404517,602.1051261347444
0.22832378265417377,1344.0975220586058,-5.2087081675351214,-4.600903636682686,-4.600903636682686,737.4725861096224,608.4977262966916
0.22925603256028185,1349.5854952087227,-4.897341872853199,-4.597592844612204,-4.597592844612204,733.3131375999735,612.0766558949298
0.22973073505455183,1352.3799760939212,-4.749066202002808,-4.340845145320017,-4.340845145320017,731.028251944873,613.7058886851822
0.23143300350753487,1362.4008980624335,-4.213741865193946,-4.020671551289433,-4.020671551289433,723.2245967270837,620.0025880106667
0.23338275418068163,1373.8786995334174,-3.506790124493926,-3.6528503106844803,-3.6528503106844803,714.2835459033885,627.2109186286629
0.23367330130365016,1375.5890937091076,-3.404654066611914,-3.29092762124436,-3.29092762124436,712.7504182076535,628.0521823440905
0.23682257578099136,1394.128257575747,-2.4663095199781457,-2.943441799238496,-2.943441799238496,698.4649838822764,639.8754962312579
0.23711958181184153,1395.8766740808592,-2.4020650647731134,-2.6093938827336913,-2.6093938827336913,696.9209312932717,640.7618329440282
0.23960719678656214,1410.5207776625791,-2.0269759127181506,-2.3276375002855714,-2.3276375002855714,685.6287794512295,650.0911500757632
0.2403159405282159,1414.693013668209,-1.951403962574038,-2.123610968228709,-2.123610968228709,682.3305417619605,652.6547796481552
0.24263094336317934,1428.3209832903922,-1.7699694748004178,-1.9222089649658751,-1.9222089649658751,671.8595054863595,661.3798303631545
0.24319766303469037,1431.657151329153,-1.742634953459567,-1.8248780813872232,-1.8248780813872232,669.2646584087997,663.4790937818799
0.24525519735198476,1443.7694540655468,-1.6779344231608677,-1.7372828448252757,-1.7372828448252757,660.0166606121704,671.3017167130429
0.24544822360486918,1444.9057619226533,-1.6705513359821649,-1.6920415937620448,-1.6920415937620448,659.1248973452873,672.0074817824144
0.24751034091443216,1457.0450438395785,-1.5920360372464075,-1.6530610020996088,-1.6530610020996088,649.8876908872904,679.8839575488598
0.24783327082172688,1458.9460691429779,-1.5903315677702796,-1.6279926145918706,-1.6279926145918706,648.4287765533703,681.1030124762614
0.24931954429598766,1467.6954708506446,-1.6137079357155852,-1.6016470479888956,-1.6016470479888956,641.7721928892277,686.7812633873551
0.24989975023398678,1471.1110299066606,-1.6198046531490742,-1.578748695620709,-1.578748695620709,639.1654547943245,688.9883741636384
0.25217175448971585,1484.4858752895327,-1.6005786376121134,-1.5562907390047382,-1.5562907390047382,629.0020091806275,697.6824922077599
0.2535333522184189,1492.5013352294302,-1.544353987230774,-1.5408272958313514,-1.5408272958313514,622.9102547589252,702.8918340466736
0.2545216823846009,1498.3194419194067,-1.5055248540327926,-1.525267864264097,-1.525267864264097,618.4859518244944,706.6700874884693
0.25670612114337393,1511.1788063212425,-1.4718492518471882,-1.5060150981823115,-1.5060150981823115,608.7182608370892,715.0335656667311
0.25717044192139743,1513.9121720702105,-1.4684297264384285,-1.4854501868843526,-1.4854501868843526,606.6314589554817,716.7990584081491
0.2598932459150973,1529.9407874796111,-1.4528650486859236,-1.4670517992748462,-1.4670517992748462,594.4633957305073,727.2315457411037
0.2603581641142603,1532.6776701301644,-1.4502966836649935,-1.4535722531968818,-1.4535722531968818,592.3792558513123,729.0055426866458
0.2620315153325194,1542.528361984733,-1.440433040979514,-1.442803414316962,-1.442803414316962,584.9037090320331,735.4200401411409
0.2635697263929126,1551.5835101197354,-1.4347204514674414,-1.4340992075270749,-1.4340992075270749,578.0338720313591,741.3188230111194
0.264719847692359,1558.3540496171217,-1.43499314912656,-1.4358770971670447,-1.4358770971670447,572.903242580223,745.7364135180934
0.2668050836958836,1570.6294267708456,-1.4230380725290912,-1.462512309506498,-1.462512309506498,563.6175785136751,753.7647803851194
0.26739287170667414,1574.0896200087786,-1.4086053041135163,-1.5033670600916489,-1.5033670600916489,561.0220066415042,756.0533652331784
0.268698604535331,1581.776214191245,-1.3935113907382028,-1.5456381677180462,-1.5456381677180462,555.224857608921,761.1007958181182
0.2705728639832041,1592.8096135607573,-1.4844307331981579,-1.6032987584535563,-1.6032987584535563,546.9018514558715,768.3440824823472
0.27331986527919183,1608.980673763545,-1.6925819597410041,-1.6637414340820222,-1.6637414340820222,534.6875425771717,778.942095390673
0.27606210332263126,1625.1236936287355,-1.817989438931348,-1.7360507436279586,-1.7360507436279586,522.5010809403367,789.529863977844
0.27612983729642254,1625.5224303055447,-1.8208730096170926,-1.8155473262410362,-1.8155473262410362,522.2507510289495,789.8502445537016
0.27888109548920864,1641.7185500285095,-1.9536657680870329,-1.9080553022881754,-1.9080553022881754,510.0349560507506,800.4855877695816
0.27936703686320846,1644.5791920039808,-1.9789772297827515,-2.025597150454369,-2.025597150454369,507.94298182478497,802.4405269555691
0.2811154778356094,1654.8719225778668,-2.0738218584425185,-2.135589685823175,-2.135589685823175,500.21097167298194,809.2359526238597
0.28213302233061227,1660.8620083167195,-2.124074547631215,-2.2335211700599973,-2.2335211700599973,495.7324830995964,813.2155369435894
0.28462398039353676,1675.525792005867,-2.2260831751624583,-2.358523842059998,-2.358523842059998,484.6913155656375,822.8676921045497
0.290754952215027,1711.6176258800353,-2.5423073666938976,-2.4831578254922158,-2.4831578254922158,457.37443009337073,846.4614206204029
0.29533543770263215,1738.5820494812356,-2.682514778060259,-2.617765160223498,-2.617765160223498,436.96643149128244,864.0906660763358
0.2957858594921229,1741.2335945988664,-2.699372797062746,-2.749745870813921,-2.749745870813921,435.0348272570894,865.9130625490734
0.2991736200111679,1761.1766792221322,-2.9458970576171053,-2.9407772121311733,-2.9407772121311733,419.9785547437469,878.9982745207624
0.3002629744166097,1767.589495880902,-3.0753716189769884,-3.1631551484670073,-3.1631551484670073,415.2376006158811,883.3238843101882
0.3011660901307959,1772.905961732418,-3.1904432423642892,-3.3746979497884038,-3.3746979497884038,411.32294048206103,886.9291142002111
0.3017105484408803,1776.1110814835963,-3.261648253756327,-3.593564681893444,-3.593564681893444,409.02080448172603,889.1717404269697
0.30591994818676316,1800.890995787858,-3.843356619486488,-3.814025986871237,-3.814025986871237,390.2519760146988,905.3650531176693
0.30825325439480616,1814.626713793129,-4.227484602184958,-4.013584645239732,-4.013584645239732,379.8815237415478,914.3823947360925
0.3092630313893646,1820.5710737736813,-4.4461925785864675,-4.192838879220615,-4.192838879220615,375.45148121400126,918.3513989074065
0.31031916050150943,1826.7882996189533,-4.652315367005626,-4.3511929180662285,-4.3511929180662285,370.8002265025727,922.479632118728
0.31075346213795346,1829.3449485434967,-4.683524541862885,-4.420477440380458,-4.420477440380458,368.89147593137335,924.1798431073194
0.31298498744418723,1842.4815022553053,-4.741924982933554,-4.347080056492598,-4.347080056492598,358.8161234025649,932.5996275844884
0.31599852273697715,1860.2215960492576,-4.688659724804937,-3.9275713077677716,-3.9275713077677716,345.05824144417306,943.7682170660767
0.3176897879020869,1870.177743810751,-4.615629591974807,-3.263351043012469,-3.263351043012469,337.0687030173865,949.7438813103533
0.3188163823495876,1876.8097853249906,-3.8852089545843986,-2.3909304870085784,-2.3909304870085784,331.4535379988954,953.39047318586
0.3195132325209937,1880.9120062051154,-3.1827801644957483,-1.3419595540392038,-1.3419595540392038,327.64030584964803,955.2484060287292
0.32203528868993503,1895.7588583716333,-0.45190586366152397,-0.1927896991250965,-0.1927896991250965,315.4690230376853,963.8542835418411
0.3237258362511747,1905.7107817392753,1.5317898042112623,0.9583747462537926,0.9583747462537926,306.9609952472697,969.1278388619089
0.32532707731915333,1915.1369752206103,3.1994696370293876,2.179312729132387,2.179312729132387,298.65000321327756,973.2516206824857
0.32738705042103566,1927.2636346056345,4.757213854861489,3.391184032057497,3.391184032057497,287.39160749581754,976.4750862486476
0.32847499703281596,1933.6681638580287,5.6006037112934095,4.620267198702589,4.620267198702589,281.03794622172336,977.0550511572214
0.3286221489542124,1934.5344184838757,5.671820283605063,5.572082510827645,5.572082510827645,280.13441355290115,976.303042910515
0.329499285571698,1939.6979504662402,6.372812253932543,6.349641049199059,6.349641049199059,275.2102951036107,976.6348464149478
0.3301946167339212,1943.7912292359333,7.021632771741592,6.954098183577802,6.558,271.13917926035464,977.1548577133925
0.33170718543426614,1952.6954258046997,7.878968335310075,7.44435181928922,6.859,262.9416025231038,977.694000973634
0.3323859031134713,1956.6909042441,8.114431945463982,7.864832626075175,6.93,259.30163205555033,977.7558687731707
0.3342010367190263,1967.3762413258135,8.529816649553988,8.265052880703898,6.776,249.42783807439568,977.4581327099763
0.33457441115607345,1969.5742237251993,8.639583846438079,8.541468141133066,6.616,247.66146678882902,977.4098865707597
0.33610171154661267,1978.5651428773763,9.169496576264248,8.662553343607438,6.509,239.29752730036859,975.7797611608738
0.33724353771775045,1985.2868505742592,9.384930972367012,8.466842529960116,6.786,234.10900029051243,973.6306977970661
0.33837520267585475,1991.948741194267,9.273802575263552,8.180343398991395,6.742,228.8015598280397,970.9546449391437
0.33924624316623936,1997.0763864668227,8.860549597795071,7.335076277918726,6.269,225.01952178714734,968.8359721778639
0.34013543350330355,2002.3108763425298,8.111399594010955,6.266483637624989,6.181,221.7149952065709,965.8709597395842
0.34201117127522207,2013.352978317014,6.117571012484175,4.929232226981223,4.929232226981223,215.1309820939008,958.8636832855318
0.34257780472671184,2016.6886387953466,5.535939766745481,3.5134564935364905,3.5134564935364905,212.73361162241736,957.0296816897401
0.34512120806503765,2031.6611575794157,0.9224125598999652,1.8982749279965303,1.8982749279965303,207.6315615165638,943.9506536561166
0.3458521383683869,2035.9640015412176,-0.9777499162055575,0.32336342985285377,0.32336342985285377,205.58477782863054,939.9685608909581
0.3468173616687948,2041.6460826246257,-2.865766119529646,-1.28925070566509,-1.28925070566509,203.51042762686316,934.4488129966601
0.3471206175915844,2043.431291023124,-3.3570506286355797,-2.685559159450856,-2.685559159450856,201.99090606518902,932.7825749122298
0.3483863921895374,2050.8826589043674,-5.262831514596087,-4.011180855937423,-4.011180855937423,200.19162514913762,925.3735539274614
0.34843017575223495,2051.140404188037,-5.313653885498021,-4.810227803194836,-4.810227803194836,199.37883245642925,925.1655293819231
0.3505622674739773,2063.6916118050553,-6.402127625650539,-5.356281319945087,-5.356281319945087,198.1131832553328,912.6421939360529
0.3510339546777964,2066.4683422641874,-6.44920507158772,-5.690611297727754,-5.690611297727754,197.61640391063602,909.8957149266199
0.3526945359189298,2076.243859757102,-6.394655501633624,-5.910423672644416,-5.910423672644416,196.77190811727786,900.2092728200565
0.35336817778486274,2080.2094578749593,-6.269009965416748,-5.895829076564271,-5.895829076564271,196.49636382218787,896.3025510719059
0.3549611720652268,2089.587104128017,-5.892231566957824,-5.803421602410465,-5.803421602410465,195.76938842179635,887.1010710388081
0.3551017749580248,2090.414805901381,-5.874735919573647,-5.61838641961857,-5.61838641961857,195.86297464188215,886.2596843989332
0.35753118106775117,2104.7162452617436,-5.335362002885539,-5.433273200923159,-5.433273200923159,194.02193950271305,872.6349858723896
0.3579119475269873,2106.9577430522627,-5.131480149874778,-5.22398926554452,-5.22398926554452,193.72672106891616,870.4084354052533
0.35924571976325403,2114.8093997518718,-4.481986618113761,-4.9485198427113275,-4.9485198427113275,191.9945931306401,863.4022949225534
0.3601517624434164,2120.1430960805196,-4.736810980523497,-4.707032892216423,-4.707032892216423,190.3721263922592,858.7324209445163
0.3604669066517188,2121.9982884943206,-4.783186103329011,-4.4398942624331745,-4.4398942624331745,189.8151960682905,856.9547494866143
0.36174000392184663,2129.4927635167064,-4.511100083225875,-4.19150431360886,-4.19150431360886,186.632526870175,851.1291885222641
0.36315883995745657,2137.8451741920294,-3.7897851599180177,-3.8183665903133734,-3.8183665903133734,181.7892466723314,844.8799881982727
0.36371005121233857,2141.090047210535,-3.7188490125036866,-3.523079945689822,-3.523079945689822,179.8820663830735,842.6954760968435
0.36499716195911397,2148.667016833433,-3.4704882515244027,-3.212258448417396,-3.212258448417396,174.44694298718736,837.787150690204
0.36567156310826854,2152.637084703345,-3.0998524634667106,-2.886459578995399,-2.886459578995399,171.53768797627717,835.4243888082572
0.3671917980774449,2161.5864110996745,-1.7732406402153966,-2.5220118614740548,-2.5220118614740548,164.22318279749175,831.2709953258188
0.3679133295733515,2165.833926117434,-1.8244068165018001,-2.2134326979313466,-2.2134326979313466,160.57043463396556,829.6455969797134
0.368437808222336,2168.92142950529,-1.9394175050716647,-1.9105903357249794,-1.9105903357249794,157.8988280980633,828.5333003546255
0.3687046853647554,2170.4924831276944,-1.8509962785310365,-1.6050622024237442,-1.6050622024237442,156.43000745772054,827.9373435292815
0.37026651127775073,2179.6866472885235,-1.2310706255337769,-1.3387452908193047,-1.3387452908193047,147.6683035319995,826.6867428685616
0.3708232179911412,2182.963870998131,-1.0125726880336412,-1.2502894925133874,-1.2502894925133874,144.39526244937318,826.7126485118198
0.3709814655660968,2183.895443569753,-0.9932677526463828,-1.194166372704438,-1.194166372704438,143.60936172972387,826.6990382313825
0.3718477346638726,2188.9950005857645,-0.7207350518132872,-1.1643930281694281,-1.1643930281694281,138.7092499127381,827.4689893382682
0.37267800395043,2193.882633743075,-0.7030002590267537,-1.2890957170885515,-1.2890957170885515,134.15780608037022,828.8643175280134
0.3735206555648296,2198.843159246407,-0.977138455462141,-1.488744507392625,-1.488744507392625,129.71512712256668,830.782290410486
0.3741527643380653,2202.564260158021,-1.3192987382212573,-1.8306782738580811,-1.8306782738580811,126.4987046483702,832.7126337706254
0.37464829289350726,2205.481339998484,-1.6714574042565746,-2.1987691499143005,-2.1987691499143005,124.24237702162579,834.3570826478054
0.3763165464074944,2215.3020226634694,-2.9733204788031484,-2.6745192097559585,-2.6745192097559585,116.73651546238113,840.0555560281512
0.3763982618516224,2215.7830655258886,-3.0279097382704383,-3.162718527752105,-3.162718527752105,116.6658475484821,840.7520216204953
0.37766437705158257,2223.2364384646366,-4.089976586222747,-3.717679802949623,-3.717679802949623,111.82006890787815,846.0754562950702
0.3780057705999557,2225.2461556175367,-4.306085637152356,-4.270966257248172,-4.270966257248172,111.15289200196763,847.7387044433269
0.3789461414809649,2230.7819353610553,-5.002485590388209,-4.845775697055108,-4.845775697055108,108.45978194928529,852.170845458796
0.3790763285777536,2231.54832137728,-5.096794120992073,-5.275144560034554,-5.275144560034554,108.36296817889821,853.060002298607
0.38046548144593756,2239.7259930424116,-5.971789932239803,-5.683398856585668,-5.683398856585668,105.05234948484733,859.5363664074846
0.380926682738727,2242.440994990971,-6.298876826908192,-5.908163838923926,-5.908163838923926,104.09012407528859,862.0949397308827
0.38304903872210266,2254.9348902173924,-6.844742362519003,-6.083149815576781,-6.083149815576781,100.91549520424832,872.5944356015789
0.3830802707070739,2255.118746814024,-6.837640245618169,-6.064188047932845,-6.064188047932845,100.8627587083168,872.7707241665023
0.38481752043664313,2265.3455967267537,-6.702198407230461,-5.674821165445581,-5.674821165445581,99.4783515062004,881.7998206555416
0.38606823623743275,2272.708316409736,-6.112861427267066,-5.085538086739231,-5.085538086739231,99.29152369350068,888.6137740987931
0.38642187227884855,2274.790102728499,-5.880959427028052,-4.151629945221432,-4.151629945221432,98.63843460268653,890.3115099307313
0.38749107075203026,2281.0842653500467,-4.831829681592781,-3.1174155947294495,-3.1174155947294495,98.97062787028,896.3308016339791
0.3900101937737909,2295.913850651889,-1.592492178606698,-1.9484410005467636,-1.9484410005467636,102.79666297581335,910.236255914038
0.3906698913952448,2299.79736172549,-0.6682422238826576,-0.764695792372032,-0.764695792372032,103.24425561132551,914.2297073940023
0.3931765489455089,2314.5535652308545,2.1062964467520056,0.3554958744766196,0.3554958744766196,108.4608761911501,928.0624335100912
0.3936302888771485,2317.2246436033583,2.463186791908835,1.4637923251945943,1.4637923251945943,108.60810368616848,930.9503343828261
0.3958169622904156,2330.0971629798237,3.683131102026003,2.453906940391754,2.453906940391754,113.18254304290396,943.0083776288884
0.39715502580033146,2337.974081569417,3.9515084663421263,3.0466330075846586,3.0466330075846586,115.9520017949251,950.3993098220444
0.3972882340258136,2338.7582523803026,3.968863574370797,3.5351852416909364,3.5351852416909364,115.83356012169338,951.3093249162916
0.39870334465571283,2347.088732319693,4.093708629433721,3.636291203342798,3.636291203342798,119.20867709528096,958.9183474237399
0.39923456580118616,2350.2159274677224,4.079201855181658,3.6674921041342947,3.6674921041342947,120.47503046863812,961.7711484207892
0.4010262149760655,2360.7630162920223,3.7420424261294443,3.518023236012835,3.518023236012835,124.96654858378037,971.3056703526619
0.4010766972218597,2361.0601954149815,3.7287278830738395,3.2582316660427995,3.2582316660427995,125.32571587642408,971.4691909465205
0.40329078528315354,2374.094099470925,3.0162501016187577,2.8492076932045998,2.8492076932045998,131.06555720810366,983.1747485700262
0.4039817190909718,2378.161491873939,2.74399489903231,2.2862008982169844,2.2862008982169844,133.25400697531404,986.6492071874051
0.4049572305026891,2383.9041370595924,2.3379112889328626,1.6117629551628487,1.6117629551628487,136.2381454453188,991.6045970745946
0.4067018013862291,2394.1740851760937,1.6133843366118088,0.889549773686576,0.889549773686576,141.15007369260218,1000.6564525414698
0.4086117971647283,2405.4178573455115,0.2876478188270014,0.038440933746295966,0.038440933746295966,146.62127756050575,1010.5187804791549
0.41006796218494657,2413.9900164637243,-0.9733525254548212,-0.8249960676585041,-0.8249960676585041,151.0257309473431,1017.9193400409223
0.4112690418950584,2421.0605381736827,-1.9907396323055608,-1.8170335919712397,-1.8170335919712397,154.98005748412697,1023.853166045657
0.4122544111742184,2426.8612146999544,-2.7578762071570124,-2.7993323566065573,-2.7993323566065573,158.44511083222832,1028.579552519911
0.4136042174882376,2434.8072608842026,-3.931251676388681,-3.723641615714955,-3.723641615714955,162.94364200049432,1035.0481965710335
0.414489711760073,2440.0199927456647,-4.754682911024442,-4.544598398889113,-4.544598398889113,166.205009254942,1039.0681357564902
0.4167188458891253,2453.1424700643483,-6.1843428197823105,-5.336274604761322,-5.336274604761322,173.88220344353505,1049.3578284414068
0.41836148986327637,2462.8123943692776,-6.5027775927849945,-6.025665285244279,-6.025665285244279,180.15071658765947,1056.2189050341035
0.42001469682729403,2472.5445009328405,-6.705398995363776,-6.667520124200007,-6.598,186.76807873886634,1062.9537852118865
0.42103576969980927,2478.5553575410972,-7.100963229740422,-7.193251490835414,-6.571,190.6962567804419,1067.3537913685866
0.4242204308116931,2497.3028356150867,-8.098438378304696,-7.891273610714275,-7.019,203.6675681164983,1080.6430151521138
0.4247831694886491,2500.6155683162992,-8.195255756652172,-8.494673988651924,-7.071,205.94709031842385,1082.8436182366756
0.42649444356206534,2510.6895046137097,-8.534569757758568,-8.954355260658726,-7.149,213.1174775027608,1089.5518710507072
0.426875740946097,2512.9341278548227,-8.66283397610734,-9.380257309019692,-7.149,214.7632603707969,1091.078217094638
0.43056993234664565,2534.6811112385394,-11.036881989934194,-9.621617980721927,-7.148,230.48499934338275,1106.2989309018471
0.43182717286621247,2542.0822406668344,-11.614946221221143,-9.734086344088956,-7.227,235.82693000423174,1110.953348620528
0.43507787746809184,2561.2185038696407,-10.639909040846222,-9.501849688603052,-7.124,250.6278417640051,1119.6162616412782
0.4353236067408687,2562.665064113156,-10.538517430612474,-9.03607920172222,-7.124,251.9307791681325,1120.244664902764
0.43830549119759193,2580.2188356158704,-9.273209275060536,-8.380912357013429,-6.84,267.4084627458994,1127.301971905126
0.4387116527347691,2582.609829271149,-9.110653648607954,-7.430381580761268,-6.84,269.6391184483576,1128.162800457553
0.4431768724600049,2608.895705838055,-6.105125857279038,-6.075508684701671,-6.075508684701671,293.61607418295415,1135.9222640687046
0.4447946260745396,2618.419105456442,-4.3426353758310725,-4.7609511347717826,-4.7609511347717826,302.50561663414595,1139.0285429889566
0.446855658573314,2630.5520013040937,-2.7663323737282193,-3.3700724120294505,-3.3700724120294505,314.14845592847763,1142.3769111225627
0.4472560357366875,2632.9089434803464,-2.4821050036647554,-2.109589183996289,-2.109589183996289,316.27936275287436,1143.9830006688892
0.4516046779412219,2658.5085509478135,0.5789098433152329,-0.8213370585719016,-0.8213370585719016,341.39077750791915,1148.9848670837916
0.45254864030784364,2664.065473065798,1.1911089085227773,0.13498092014349938,0.13498092014349938,346.75562215059074,1150.7186805372987
0.45519227784706556,2679.6280510170895,1.9793910740685128,0.8856585937106586,0.8856585937106586,362.06348425354435,1153.6297927813318
0.4559044181143197,2683.820281705665,2.0711397772379208,1.460337057358234,1.460337057358234,366.13841233226447,1154.7743453097135
0.4590353621899759,2702.251538077094,2.4836154802115287,1.9888666140308873,1.9888666140308873,384.33509573842133,1157.7834757391747
0.4592889620096552,2703.744430693286,2.501735951159571,2.1422779119125077,2.1422779119125077,385.7962073866004,1158.1344256997677
0.4617406560984745,2718.177075034235,2.413463686273361,2.2107349925431246,2.2107349925431246,400.09843317633874,1160.100293839526
0.46180815592382063,2718.5744333248713,2.40577379909996,2.1516834199243298,2.1516834199243298,400.5019729480464,1160.0937203731137
0.46284457002115764,2724.6756007278623,2.274661006389123,2.0666609455345837,2.0666609455345837,406.5644382076363,1160.8003871923897
0.4663869801372513,2745.529077329415,1.9596115242498147,1.9132592539358089,1.9132592539358089,427.2729542793218,1163.309850815557
0.4677731228423031,2753.6890287520037,1.8072226341983295,1.727534779087584,1.727534779087584,435.3939592997907,1164.1510809938566
0.47077921251310206,2771.385291623256,1.4479269204993592,1.541578317153953,1.541578317153953,452.97941993287066,1166.162186303309
0.4719167634470427,2778.081831833615,1.3059375077302087,1.3475143630247286,1.3475143630247286,459.6498931365029,1166.7921605718132
0.47335275403891447,2786.535228031758,1.1030002558225551,1.1399843192526846,1.1399843192526846,468.06662237234207,1167.6182585207548
0.47497084526313327,2796.0606150924277,0.8302156775255469,0.9516622836032007,0.9516622836032007,477.54532375575553,1168.587504586724
0.4760551394290702,2802.4436431093814,0.7398555288706802,0.7742020203095401,0.7742020203095401,483.9033752326024,1169.1825634199074
0.47719699479164196,2809.1655226505354,0.6591982119369416,0.6334329596382899,0.6334329596382899,490.5937492905486,1169.8522124988158
0.481059702809152,2831.9045304508527,0.406890612440728,0.5071297440778472,0.5071297440778472,513.1849102730778,1172.4486947440205
0.4836388105664949,2847.0872341774166,0.2647132034044574,0.40172776380749825,0.40172776380749825,528.2734555395298,1174.1449223665613
0.48502091289420307,2855.223400687577,0.21008026455538725,0.32681687222110256,0.32681687222110256,536.3625823294651,1175.0258428380935
0.4863680753753613,2863.1538831440525,0.18100537445810588,0.2803724325862723,0.2803724325862723,544.2448195763793,1175.9026114517414
0.4870053802325292,2866.905572387099,0.16920856768622458,0.26023594161076224,0.26023594161076224,547.9740333267196,1176.3152212814507
0.4889779229245224,2878.5175460222704,0.1543824333894143,0.27565614061073834,0.27565614061073834,559.5092795781645,1177.6545816176993
0.4890649165339401,2879.0296604130444,0.15601765324798603,0.3476336977465003,0.3476336977465003,560.010033523489,1177.7836075148518
0.4918677827841795,2895.5295866923607,0.3218555721572082,0.4484061079597182,0.4484061079597182,576.3987104675592,1179.7110383343118
0.4934713563864567,2904.969511347621,0.4779697931573505,0.5885531522804163,0.5885531522804163,585.7704262921991,1180.8638818768343
0.4941073773681057,2908.713642666199,0.5456724034405134,0.8046225518147979,0.8046225518147979,589.4718798264955,1181.474025803432
0.49657011395559925,2923.2112920404948,0.9125112176263149,1.0532373037948095,1.0532373037948095,603.8705357839541,1183.2071038414701
0.4974224175417415,2928.2286368166656,1.1170319564743485,1.2882810541899203,1.2882810541899203,608.8409229569683,1183.9407724947146
0.4987870901917192,2936.2621982176447,1.4423287733443881,1.5012296148658173,1.5012296148658173,616.8175226391181,1184.941886165284
0.5018625563654573,2954.366867014051,2.1138331634956593,1.578250474513374,1.578250474513374,634.8309348818635,1186.7755163896534
0.503623338027011,2964.732244815124,2.3919152012095184,1.6181265140552799,1.6181265140552799,645.1413581117705,1187.825890394505
0.5093667579263191,2998.5426362034564,2.271411406803983,1.4658504446914182,1.4658504446914182,678.7688469360708,1191.1578360982926
0.5095206079785389,2999.4483214174684,2.238392618240282,1.2821984477304094,1.2821984477304094,679.6891014331528,1191.0760672743243
0.5122191251133948,3015.333964831524,1.1711575299853603,1.0143280819765768,1.0143280819765768,695.506572392878,1192.5878235856396
0.5127523616656765,3018.473024285871,0.9045567593176673,0.6765105681142365,0.6765105681142365,698.6808733885731,1192.5681627811828
0.5149794192070437,3031.583277138363,-0.45797340664844105,0.31361002862852333,0.31361002862852333,711.8354635181533,1192.543518075941
0.515083860090568,3032.1981002247476,-0.535836016174728,-0.1254264278180099,-0.1254264278180099,712.4461700298767,1192.0797259276126
0.5193267195207695,3057.1749851566806,-0.9685045184401064,-0.5887781750439248,-0.5887781750439248,736.7787522815411,1186.91308150329
0.5195579817792391,3058.5363809120468,-0.926524461265404,-1.0100753080008364,-1.0100753080008364,737.9716324821527,1186.1548328436297
0.5210969541251178,3067.5960105860413,-0.8741896541619004,-1.5240774550611647,-1.5240774550611647,746.4973864368967,1183.1043569682063
0.5220137368832768,3072.992931656563,-1.6799167012148157,-1.9801603703121562,-1.9801603703121562,751.4512334153337,1180.9896338572971
0.522481962454744,3075.749284162017,-1.9317731067929529,-2.4430485357380562,-2.4430485357380562,753.8415989506873,1179.6318291776474
0.5242183094200309,3085.9708196777055,-2.620516666626843,-2.8778445155945365,-2.8778445155945365,763.0117769028951,1175.4722415003955
0.5265491167376718,3099.691827203156,-3.7214625642252868,-3.330311067430215,-3.330311067430215,774.7636076223777,1169.0562174323902
0.5284915780329826,3111.126717530269,-4.562719643907366,-3.6349232675116565,-3.6349232675116565,784.0112686382327,1162.819871254262
0.528951536085233,3113.834400764552,-4.7018295050078285,-3.643976104297056,-3.643976104297056,786.0827374287486,1161.3294721225732
0.5299352116441794,3119.6251066906707,-4.881668337148426,-3.577131901894194,-3.577131901894194,790.5583001067016,1157.9111145038812
0.5309832040260968,3125.7944331940116,-4.998723427786516,-3.045135535067461,-3.045135535067461,795.430483102936,1154.3622893057548
0.5337700268596202,3142.1999150120337,-3.615699454894873,-2.3651872889032393,-2.3651872889032393,805.5609963556649,1142.561645021136
0.5354175263716081,3151.8984229200328,-1.7613922322834115,-1.5400335118475532,-1.5400335118475532,810.4190644530078,1134.4724499433567
0.5359538001563108,3155.05536196854,-1.3301752851671964,-0.6917552618754234,-0.6917552618754234,812.4676474563523,1131.97167128404
0.540905808085935,3184.2068656360484,2.167450634813754,0.2220306244732696,0.2220306244732696,823.8054558920268,1105.141792353446
0.5412107088616277,3186.0017569623847,2.3980716512527094,1.1492419201884896,1.1492419201884896,825.2667303184747,1103.7513268449454
0.5426553842409118,3194.5062788080827,2.863664349593812,1.9067289736285207,1.9067289736285207,828.7286718485918,1095.93046650603
0.5432701506951668,3198.125288874417,2.932674744741338,2.435913029479327,2.435913029479327,830.3803446574968,1092.6682660900567
0.5464410093836398,3216.791514777085,3.3424046399898115,2.871254930841563,2.871254930841563,836.5774176923233,1075.0134817541284
0.547031302456423,3220.2664548257876,3.346178233650464,2.900707715726371,2.900707715726371,837.6536543923662,1071.6968113144023
0.5487435922374151,3230.3463703953526,3.2016840260654074,2.8799263596414884,2.8799263596414884,840.6164226513353,1062.0361146581954
0.5500847891847348,3238.241734919053,3.0012642703738446,2.74385522403753,2.74385522403753,842.7661950604186,1054.4113121793687
0.5523481908818889,3251.5659387194783,2.5879018270929275,2.5961178092725348,2.5961178092725348,846.3330004587872,1041.546008709542
0.5531913183542011,3256.5292655054172,2.432525698777031,2.3435334784061506,2.3435334784061506,847.4303776343341,1036.6856333800115
0.5544273706285734,3263.8056638718326,2.2110394464887597,2.08906736666451,2.08906736666451,849.1091510439527,1029.5773455689514
0.5579251816475358,3284.39659429776,1.6390241291581857,1.7994702425802918,1.7994702425802918,853.9667748981891,1009.5222199001472
0.5581089079068371,3285.4781549087193,1.603038011856386,1.5252652762236565,1.5252652762236565,853.9564171043854,1008.4057383860516
0.560496368026424,3299.5326664162258,1.0691456621923514,1.178172649268539,1.178172649268539,856.8438519567214,994.6225773772794
0.5605646923456719,3299.934878341457,1.055983227975698,0.8228673529455126,0.8228673529455126,856.58593759629,994.1510783104101
0.562976796795604,3314.1344662092306,0.5953099093074447,0.4563194030415849,0.4563194030415849,859.2540098342624,980.1880761398559
0.5632406186739832,3315.687534088854,0.5334195731641259,0.12925429001994082,0.12925429001994082,859.2495207381818,978.6000336693664
0.5678162898343992,3342.6236166860203,-0.5359318155031286,-0.2520563770785025,-0.2520563770785025,863.9412584093296,952.074387911534
0.5692643526738751,3351.148079848373,-0.7652219681302073,-0.7563437960273807,-0.7563437960273807,864.8719511987564,943.5895391191614
0.5723805783096163,3369.4926916381987,-1.0878921026465902,-1.3404284188212958,-1.3404284188212958,867.0837518409803,925.3933238187476
0.5760041482285638,3390.823940150494,-1.3045618880366108,-1.9239565816622468,-1.9239565816622468,869.251978964797,904.2015731003036
0.5786494982335828,3406.396599053527,-1.8287579920296033,-2.5596896035673575,-2.5596896035673575,870.3255886231755,888.6841607883531
0.5827033211480624,3430.260662931924,-3.4694411083475525,-3.104665545244961,-3.104665545244961,872.0107723572796,864.9255215277973
0.5846247257213406,3441.571596448328,-4.200778377169537,-3.669059458055231,-3.669059458055231,872.3802577726443,853.6242899609559
0.585865855171518,3448.877883157252,-4.656443556261114,-4.2560573632910454,-4.2560573632910454,872.365333621703,846.3111298546515
0.5873586545704077,3457.6657017088446,-5.188177623981871,-4.860521326020114,-4.860521326020114,872.4230830387254,837.5101536444173
0.5881461653436182,3462.301623847845,-5.440715290601563,-5.412592490804393,-5.412592490804393,872.211675152415,832.8530537108464
0.5896392553161213,3471.0911529495575,-5.8447671834226345,-5.7807433384721465,-5.7807433384721465,872.4759076312095,824.0711991478644
0.5921199500831896,3485.694518620187,-6.370873249768927,-6.062023345364631,-6.062023345364631,873.2203642612219,809.4962434568731
0.5942000284137635,3497.939533560426,-6.744737552598222,-6.265581833386871,-6.265581833386871,873.8579796440456,797.2729097773407
0.5947082444727816,3500.9313022568617,-6.797398475088117,-6.337364878196364,-6.337364878196364,873.9891853592015,794.2861335039377
0.5971289648174891,3515.18161021469,-6.782798737357331,-6.279217449907004,-6.279217449907004,875.0054418753508,780.0790895308753
0.5976232197145619,3518.0911922770506,-6.732298439201897,-5.730245860867533,-5.730245860867533,875.7474948980624,777.2127465698921
0.5990659332383839,3526.5841650627485,-6.488469948461274,-4.991691065193617,-4.991691065193617,877.0487209873007,768.790419261132
0.60101450434593,3538.0550226613836,-5.834225027267296,-4.127468638639157,-4.127468638639157,878.6702028324507,757.4032988338874
0.6025213548506051,3546.9255573288747,-4.917388435997337,-3.1658360584543916,-3.1658360584543916,880.2159452395273,748.6160176600895
0.6073002449649351,3575.057950223706,-0.9040228820673963,-2.1050626643995733,-2.1050626643995733,883.2378497063221,720.5922592726012
0.608834964574943,3584.092544872091,0.276119911296325,-0.9688277349704961,-0.9688277349704961,885.2404178586379,711.6646647163224
0.6099377930743322,3590.5846808907454,1.033264286391907,0.11119555781363887,0.11119555781363887,887.1211393628422,705.3419872115535
0.6108767850177989,3596.1123430982266,1.8572947465747751,1.032577209437252,1.032577209437252,888.8657552892678,700.0191094498176
0.6121615313769385,3603.6753940328235,2.764161809136037,1.722884415961999,1.722884415961999,890.9334580724149,692.7903192164279
0.6156012135394999,3623.9241312323584,3.4938159256597965,1.8280543649765504,1.8280543649765504,896.5412505628485,673.5844799540292
0.6170961847050179,3632.7247345499954,3.23173968659594,1.5826201090167253,1.5826201090167253,899.4425265706993,665.3283296661662
0.6192812833866909,3645.587983789075,2.4582098373452226,0.5927568045661141,0.5927568045661141,903.7812047858331,653.2898427837764
0.6216005499627919,3659.241053222724,1.2953764227253868,-0.5625987055540215,-0.5625987055540215,909.0910478714873,640.6719143227278
0.6229469690269009,3667.1671593282035,0.042506659063565766,-1.8917156807238809,-1.8917156807238809,911.9793195922573,633.1586355496166
0.6244131371983783,3675.7982050444916,-1.932788392342102,-3.3220522045784695,-3.3220522045784695,915.547373793629,625.051690288559
0.6283572013048242,3699.0161402533854,-7.8755054536635924,-4.67477411847397,-4.67477411847397,926.7569613211236,605.2775995193767
0.6292559252064455,3704.3067523619525,-8.540904844506445,-5.906705943344809,-5.906705943344809,927.5967191502194,600.3144397281907
0.6310121853301848,3714.645512752865,-9.197890967392699,-6.623371344989696,-6.623371344989696,929.4976769815065,591.2109043287714
0.632203297518587,3721.6573576089486,-9.3792127890315,-7.135788002978503,-6.826,930.1197277019264,584.826224146257
0.633518565591579,3729.4000839128003,-8.942757538463567,-7.223098185621284,-6.824,930.0630631058131,578.3087069904766
0.6339754791321133,3732.0898447011336,-8.62917658649233,-6.405854011323594,-6.405854011323594,930.2493075133613,575.6099821139917
0.6379712852208458,3755.6123748557197,-5.154612192078584,-5.489833509158945,-5.489833509158945,925.8547710991833,554.2227933291384
0.6385272060202938,3758.884972043419,-4.569243262835696,-4.465293539347647,-4.465293539347647,925.795086872045,550.8706270000016
0.6408208061748125,3772.38694826528,-2.7185800361271344,-3.372801947986262,-3.372801947986262,922.5164473222027,537.6822340399316
0.6458188855804079,3801.8096657151214,-0.5203078849843942,-2.249645532668495,-2.249645532668495,914.5431546593154,509.36577072986154
0.6462723018731859,3804.4788388888464,-0.29672032502460505,-0.9960201605625488,-0.9960201605625488,914.8530896820212,506.436446594351
0.6470917627266218,3809.302844911012,0.022968760908984382,-0.1299449627604502,-0.1299449627604502,914.1041473686183,501.58921420768485
0.6478011617037771,3813.4789381600867,0.45321153322097163,0.6714007018123159,0.6714007018123159,913.5433420901023,497.37786339061194
0.6488870222027383,3819.871186873685,1.1656501993963309,1.2997165536496127,1.2997165536496127,912.2480411238654,491.1019139463639
0.6533282359357105,3846.015744851958,2.6534517624611893,1.7189355394802748,1.7189355394802748,906.6287738993108,465.74891306633646
0.6540109990810934,3850.0350381607586,2.6400645881403033,2.1278424662862037,2.1278424662862037,906.4080542306679,461.7653244755639
0.6549765056501367,3855.718786791307,2.642867718319199,2.4893434264085568,2.4893434264085568,906.060347448362,456.1518258668318
0.6556906626782756,3859.9228897573844,2.936262630408538,2.739275100489739,2.739275100489739,905.9368145979009,452.0347416237974
0.6580485938597815,3873.8035701727363,3.252662987491565,2.5483090130986334,2.5483090130986334,905.5570080811905,438.5271194814782
0.6619728148087284,3896.904692588349,3.3834420162287535,2.1418383506609424,2.1418383506609424,909.2945331034034,416.3400083851599
0.6629122493056293,3902.434960021477,3.2764774020101615,1.5420086679548588,1.5420086679548588,910.5490850055426,411.05214617734293
0.6654460491222675,3917.3509447487195,2.7025965999516126,0.8551598531370821,0.8551598531370821,916.3482401354016,397.548448466998
0.6699561012226439,3943.900740753338,-0.5530445871236191,-0.0833447607132824,-0.0833447607132824,931.4884501498582,375.9402157328542
0.6703676252706082,3946.3233024624446,-1.0047841994780278,-1.143680945815694,-1.143680945815694,932.3030017414229,373.42972796874733
0.6721245943379793,3956.6662362660772,-2.7584025562144516,-2.295281965177223,-2.295281965177223,938.2518537074651,364.9011140430929
0.6728056138760887,3960.675265299346,-3.5387716150407904,-3.4423519153711353,-3.4423519153711353,939.8954605618195,361.1155735631097
0.674762372902506,3972.1943235774615,-5.510278894244743,-4.582289197419638,-4.582289197419638,945.5652702299896,351.3769367185047
0.6763251937299156,3981.394344605164,-6.2903626784301405,-5.350137842071685,-5.350137842071685,948.9986610768375,343.44772839927515
0.6783352341507372,3993.2270600474967,-6.98096715802501,-6.027153053184843,-6.027153053184843,952.1565582138544,333.20306641678275
0.6785077296473538,3994.2425073516433,-7.0471521497350444,-6.472178434166642,-6.472178434166642,951.9843956309061,332.09414464538503
0.681909046950626,4014.265398116324,-7.556838938484913,-6.670972312073766,-6.670972312073766,954.1684038385022,314.084937135566
0.6822525388323308,4016.287467747791,-7.463682388992045,-6.4869786356466115,-6.4869786356466115,954.297729434194,312.06536706970826
0.6846975732023388,4030.6809076245886,-7.097921099496446,-6.141229347415237,-6.141229347415237,952.6723358813571,299.22627770207094
0.6861299839204038,4039.113229804698,-6.763630985050643,-5.557621654643008,-5.557621654643008,950.8815190193116,291.82996720953554
0.6880874466061607,4050.636430387938,-5.327916516204906,-4.863164025513444,-4.863164025513444,946.8136160211742,281.80025221475637
0.689735936193992,4060.340766679087,-3.854335806400352,-3.9941662718836586,-3.9941662718836586,942.5110164376058,273.7314554740968
0.6903516865131829,4063.9655685661724,-3.1786190843477753,-2.817645469423711,-2.817645469423711,941.3500205563751,270.33828979941524
0.6914653657151761,4070.5215805521625,-1.7284979230749469,-1.552011648429651,-1.552011648429651,938.0300671681063,264.73280080782246
0.6922282835106907,4075.012728633914,-0.7970334875689673,-0.3034132538113669,-0.3034132538113669,935.7849186374092,260.7398464711117
0.6930355879670222,4079.7651723201925,0.2641408441831631,0.8050670331969126,0.8050670331969126,933.0316099270029,256.7223988089055
0.6952895789096298,4093.0339768463077,3.1250048331474747,1.7392350667572032,1.7392350667572032,923.2230380304837,247.5900810608513
0.6968798887403744,4102.395820268667,4.292783289450095,2.5908050701229053,2.5908050701229053,916.1111739020022,241.39022397205565
0.6973295590002072,4105.042941277959,4.473754566513914,3.173714282610471,3.173714282610471,914.2278863140809,239.3836410943745
0.698943396323761,4114.5432864561035,4.648406066869611,3.641857156651491,3.641857156651491,906.5094965253919,233.66800660250826
0.7002811754420005,4122.418530887433,4.553176495642263,3.9552557981938836,3.9552557981938836,900.0018893646911,229.14588224513977
0.7006467796070515,4124.570771212934,4.485510945943542,3.9053097830363868,3.9053097830363868,898.1054842098009,228.03249135434183
0.7030961429192099,4138.989694726828,3.5176849893131465,3.7908275642150286,3.7908275642150286,885.5557464174362,220.68978255293842
0.7039341437534713,4143.922841995677,3.416252378800209,3.688215683474617,3.688215683474617,881.224425440371,218.31104470903244
0.7068476070029601,4161.073831212504,3.084728618064699,3.556578109958436,3.556578109958436,866.695675762852,209.55006146603597
0.7081434811555437,4168.7023892941015,2.6754906967300016,3.2392750962483117,3.2392750962483117,860.5814093355956,205.4843463725165
0.7098409413289765,4178.695005859849,3.2624433200578755,2.880010466947882,2.880010466947882,852.7105464625331,199.49568842128843
0.7110768993780029,4185.970849540053,3.5502476398502107,2.3352950696463597,2.3352950696463597,846.9744433584326,195.1537706395674
0.7117915807528671,4190.178039232908,3.463667905223981,1.6339280582652114,1.6339280582652114,843.6396405767317,192.74572941897355
0.714548278329602,4206.4061795469925,1.6974493722511403,0.8379736620644747,0.8379736620644747,833.3175115336588,180.55803289021253
0.7149694795326821,4208.885708778538,1.252129282239679,-0.1882488878661822,-0.1882488878661822,831.1621972502363,179.02517853200777
0.7170921109654524,4221.381225521757,-1.3847535864005565,-1.3777893609606322,-1.3777893609606322,824.0700982983922,168.63755617451432
0.7183696969416802,4228.902124680411,-2.896050723630126,-2.652214387877826,-2.652214387877826,819.504433654899,162.48717383897014
0.7194654680518832,4235.3527152270735,-4.0788609477419335,-3.94322296416349,-3.94322296416349,815.4390820804621,157.31277109420225
0.7228866029991766,4255.492268592174,-6.56051225264591,-5.026102753027816,-5.026102753027816,805.3670069129014,139.8482963053414
0.7256015986658371,4271.474917905081,-7.443420937792173,-6.03941807808911,-6.03941807808911,797.2103538924608,126.07487099229543
0.7273343973330475,4281.675565282896,-7.919577602404537,-6.753051439555193,-6.665,792.0170912431157,117.2746153624396
0.729268790157132,4293.062958095487,-8.155409281346993,-7.291705920281225,-6.669,786.8382873824629,107.12804339451138
0.7298880476342094,4296.708405936183,-8.048468727527784,-7.692293715105785,-6.669,785.1840336210704,103.87954613390727
0.7322172038082688,4310.4196935018,-7.867708643311971,-7.8029691023129475,-6.672,778.9649316247096,91.64956918745571
0.7332410504349914,4316.446878659424,-7.807453839595306,-7.798825850968801,-6.674,776.2355921462416,86.27259738707019
0.7343682353884128,4323.082396366706,-7.743941050164418,-7.734218113480296,-6.676,773.2329469837098,80.34947814161184
0.7353330013728148,4328.761785320091,-7.684151101162967,-7.6192051712756985,-6.678,770.666085949779,75.28058799632701
0.736968118977621,4338.387403358415,-7.556590737510382,-7.504999702991443,-6.68,766.3210206706203,66.686668185577
0.738490777417526,4347.3509962536755,-7.406131675694852,-7.366014097484426,-6.682,762.2800059359251,58.683513715598046
0.7390881876451167,4350.8678336029125,-7.338107965007981,-7.2249067845438555,-6.683,760.6950117224535,55.54212668129422
0.7408704159552962,4361.359463636404,-7.12029280150562,-7.087885566132093,-6.686,755.9702009648532,46.17118345519351
0.741746889585354,4366.519092741247,-7.020619512969481,-6.914128146902234,-6.687,753.6485479749005,41.56194340826961
0.7454265530064773,4388.18055274707,-6.616838193748823,-6.744764515847359,-6.675,743.9239328886786,22.201379562132807
0.7460439547774894,4391.815076408536,-6.537488023130162,-6.559079669814783,-6.559079669814783,742.395120578439,18.90199160817833
0.7462502383963219,4393.029427790117,-6.510750084458575,-6.37208987977268,-6.37208987977268,742.0166381658197,17.73269945202177
0.7493329302746585,4411.1766328984795,-6.120334328094225,-6.1533016356449775,-6.1533016356449775,734.0624193180296,1.4199473162259462
0.7500515719772753,4415.407136267453,-6.032318058016504,-5.929608508010302,-5.929608508010302,732.3623527884454,-2.4601349923652194
0.7524788865271576,4429.696263023447,-5.734968061401668,-5.719396534126229,-5.719396534126229,726.1313924394508,-15.319252925333046
0.7530673070563769,4433.160179773854,-5.655199854629066,-5.507625343394832,-5.507625343394832,724.7641708206846,-18.50817506601054
0.7565029666281645,4453.385236767023,-5.151198604356295,-5.288600992192963,-5.288600992192963,715.8647121999705,-36.66685017008509
0.7574815194643982,4459.1457862248835,-5.007381364257398,-5.089757289090188,-5.089757289090188,713.448926859933,-41.89874247440849
0.7597555416230771,4472.532510608371,-4.724930428792164,-4.848339089084391,-4.848339089084391,707.6317722819381,-53.95478125149006
0.7608227519701048,4478.814969519486,-4.63154730654759,-4.617803569818312,-4.617803569818312,705.0035196083784,-59.66227832110206
0.7618680320762872,4484.96832938522,-4.539530923641755,-4.350567844091989,-4.350567844091989,702.4632471013228,-65.27146238692539
0.7639067569576757,4496.969904645491,-4.3307410001692475,-4.101043107480153,-4.101043107480153,697.2600183135376,-76.0863048126901
0.7673311952465492,4517.128904137405,-3.8595542579643345,-3.8389869970490715,-3.8389869970490715,688.3642739959855,-94.17375105183625
0.7687060636764818,4525.222486103975,-3.660148388006954,-3.5958428981415915,-3.5958428981415915,684.9112924053832,-101.49625773153328
0.7715997673526496,4542.257154571254,-3.250078323092162,-3.3358624619691994,-3.3358624619691994,677.4134118148112,-116.79271893642485
0.7741404583842727,4557.213706535416,-2.9054759748497734,-3.058082402917803,-3.058082402917803,670.8705099499126,-130.24435409920372
0.7760965744312941,4568.728979719388,-2.648876370377661,-2.793017405718901,-2.793017405718901,665.8779277676542,-140.6244156598624
0.7769772657146935,4573.913437325842,-2.5366335386248373,-2.5330116012667214,-2.5330116012667214,663.7556409380303,-145.3618531503033
0.7789772803372466,4585.687132851578,-2.2917233809960647,-2.292392375936071,-2.292392375936071,658.6255082647768,-155.96224653309477
0.7809779526297739,4597.464699952025,-2.0395103921791904,-2.0669716538093663,-2.0669716538093663,653.4826942722221,-166.56064816351576
0.7816835018599176,4601.61813049221,-1.9451560253791285,-1.8395347607435555,-1.8395347607435555,651.8018114973358,-170.3659216164573
0.7847929311403185,4619.92273346532,-1.5195020178947198,-1.6377086589595942,-1.6377086589595942,643.6877821896778,-186.77674858840666
0.7849901814863658,4621.083907734007,-1.4945753600311005,-1.4152935457464642,-1.4152935457464642,643.3604493254844,-187.9128437302274
0.7872796987185712,4634.56184858951,-1.2212918239518191,-1.2151913487060646,-1.2151913487060646,637.4424240969522,-200.0249374802519
0.7905384035685945,4653.745207690874,-0.8585439372574748,-1.0385857503309646,-1.0385857503309646,628.9413372571614,-217.22455156018418
0.7907707838216188,4655.113184861865,-0.8324414543220091,-0.8686377215168842,-0.8686377215168842,628.4766760036338,-218.5224066041285
0.79368015120181,4672.240062495966,-0.5348975197066688,-0.7336368507483599,-0.7336368507483599,620.8914612049687,-233.8798385212608
0.7946179424250468,4677.760656297927,-0.49080360763246567,-0.6018801288967615,-0.6018801288967615,618.531048170377,-238.87301027296309
0.7966047341107134,4689.456510976351,-0.45006000680329206,-0.5089380947201185,-0.5089380947201185,613.3773863012723,-249.3735220719335
0.797561681349511,4695.089872501185,-0.4156237660524047,-0.4585895381512172,-0.4585895381512172,610.9070011267353,-254.43704636451187
0.8004998627762834,4712.386372800784,-0.304494180978002,-0.41144367127470516,-0.41144367127470516,603.2596981129963,-269.9526878987534
0.8010106089807043,4715.393035969127,-0.3087648633667134,-0.4279948404276208,-0.4279948404276208,601.9146573636345,-272.64228129442586
0.8028282308431731,4726.093020933392,-0.3848135163620334,-0.46210673397592594,-0.46210673397592594,597.1648922820871,-282.2315223047983
0.803655528038731,4730.96315797137,-0.40540692813736207,-0.5318259953521678,-0.5318259953521678,594.9634108880516,-286.5769182745198
0.8045397142218328,4736.168189369898,-0.4081286524334007,-0.5996902682584969,-0.5996902682584969,592.6231101140778,-291.2274689675914
0.8075623922208247,4753.9621044898995,-0.6838580420829097,-0.6254872532425285,-0.6254872532425285,584.8650282013496,-307.2453720519345
0.8083628043409526,4758.673974338863,-0.7978106495672114,-0.6047764994798587,-0.6047764994798587,582.8496606056448,-311.5050114223216
0.8115964220781167,4777.709650505765,-1.077533359189469,-0.5733669495215894,-0.5733669495215894,574.487891935856,-328.5847805563809
0.8122810291938606,4781.739798907996,-1.0264022222093672,-0.43076745519028126,-0.43076745519028126,572.735688438109,-332.2157038680649
0.814925098303566,4797.304917430448,-0.5366670458342873,-0.24120542082752128,-0.24120542082752128,565.3713158061859,-345.913962297876
0.8169649421751631,4809.313079967563,-0.1223680795026837,0.04676375026508891,0.04676375026508891,559.705143274206,-356.5040050324861
0.817072850278547,4809.948313900193,-0.10212756673761045,0.38934381122313433,0.38934381122313433,559.6903052356054,-357.2255617043341
0.8217267940623076,4837.345172146131,0.8779885208444116,0.7650620581949744,0.7650620581949744,546.3819393068686,-381.18294501319065
0.82317125893519,4845.848454781749,1.2979296568314393,1.262653499048484,1.262653499048484,542.463131500294,-388.7553706980699
0.8249678461731517,4856.424613019123,1.9078644977505816,1.7779768921923262,1.7779768921923262,537.3866634437537,-398.0673813414543
0.8263592043016127,4864.615266620868,2.2854098990551974,2.2684583843670607,2.2684583843670607,533.4497848702118,-405.2900814741269
0.8264259808721466,4865.00836725166,2.303930863557092,2.746129588920855,2.746129588920855,533.6443779607971,-405.8765250149455
0.8301251833257918,4886.784849726412,3.4519207454722185,3.097206083207233,3.097206083207233,522.1495682723537,-424.42291449752486
0.8321563121525537,4898.741708496431,4.101243492460291,3.3545453704377133,3.3545453704377133,515.8240847065997,-434.58684483375544
0.8333028699766967,4905.491270510572,4.291965350069929,3.4259660322629415,3.4259660322629415,512.1915340869646,-440.275768159012
0.8363625584032961,4923.503058790607,4.19691327424654,3.439607869124804,3.439607869124804,502.40819265834347,-455.37121685962927
0.8372480553635759,4928.715806478416,4.0376769694218115,3.264997423001175,3.264997423001175,499.4551149879773,-459.656680272964
0.8385430449124018,4936.339157070435,3.613983241905763,2.7643225817555748,2.7643225817555748,494.9586776750496,-465.81706994811503
0.8400427145864067,4945.167419590023,2.550650454177635,2.0017627816417822,2.0017627816417822,489.6445178959085,-472.8838433944288
0.8402051817105196,4946.123831823553,2.4081864308119583,1.0896096899564123,1.0896096899564123,488.3648853946663,-473.2130847897625
0.8420038980258024,4956.712523523356,0.7324368484444345,-0.22573718865799808,-0.22573718865799808,481.58234773548077,-481.4594736370668
0.8439760240717332,4968.32204444452,-1.0541528257381858,-1.5246396193255844,-1.5246396193255844,473.99522740013316,-490.2816353203588
0.8457482531248338,4978.754810804215,-2.7617947085638437,-2.80647728880571,-2.80647728880571,466.6694685017554,-497.62279616684657
0.8465789637269535,4983.645041900062,-3.9174124750984003,-4.001539157563582,-4.001539157563582,462.6383893232913,-500.41747095139857
0.8508374293392893,5008.713797378688,-7.641208633283152,-5.176032243302251,-5.176032243302251,443.7192012171563,-514.6231090309795
0.8512058948248892,5010.88288173951,-7.652444906586467,-6.24479713058333,-6.24479713058333,441.27046514512455,-514.768545936845
0.8525216979914206,5018.628758034536,-7.922555783415364,-7.167434940548144,-7.088,434.7162097301045,-516.9483727429813
0.8529535918192742,5021.171232660097,-8.204906364643216,-8.020630576181276,-7.088,432.35392900537255,-517.8884828424817
0.8551097549538865,5033.864143984084,-8.162251340836065,-8.745574212240815,-6.763,421.33760058774004,-521.6707538802764
0.8567873612939271,5043.739884909652,-8.88644713708528,-9.093056078756199,-6.829,412.22296128947465,-523.528329645934
0.8575797066408568,5048.404267240055,-9.35789311542152,-9.461073253628248,-6.744,407.9167558188883,-524.2480071454387
0.8604690844280903,5065.413470043925,-10.440555429262021,-9.826733095102798,-7.156,391.9236775404512,-524.5190937733294
0.8606377625685274,5066.406445317685,-10.441905199634244,-9.942612097538682,-7.156,390.9314865097547,-524.4796367979756
0.862138547827812,5075.241275069967,-10.768545431921618,-9.91748873141477,-6.496,382.952371630251,-524.1948667101295
0.8623439134017047,5076.450222100261,-10.964599480434908,-9.782812228164625,-6.496,381.76083898675853,-523.9904091801892
0.8656451288548511,5095.883832820859,-11.213494356686299,-9.576491683420633,-6.771,365.26391893378354,-517.9832199116894
0.8679539916693119,5109.475657341349,-9.247817386566176,-8.847466586074576,-7.009,354.7721344659265,-511.4275532024768
0.8691428003431894,5116.473941857249,-7.936141045720845,-7.968431367180295,-6.832,349.38653258531986,-507.56988941571024
0.8705389362941055,5124.692721566788,-7.6743586078339945,-6.762726467300785,-6.762726467300785,343.72087870768866,-502.60786045514703
0.8712065673854823,5128.622935428601,-7.501008212725582,-5.444618642586924,-5.444618642586924,340.2380264057726,-500.99837535794484
0.8748876960284219,5150.293020909131,-3.8793295531475187,-4.0956446033468294,-4.0956446033468294,326.9265232088201,-485.3782060991051
0.8756512313594158,5154.787804301659,-2.5305882295857156,-2.7951787095617724,-2.7951787095617724,323.7625117719902,-482.22140510603754
0.877276582248008,5164.355927588848,0.08279866699397319,-1.6318289072974017,-1.6318289072974017,318.6158047854716,-474.23854666141887
0.8783341947588551,5170.581885912607,0.8983709419898429,-0.4571930086240259,-0.4571930086240259,314.9160068390287,-469.099903696756
0.878370850584632,5170.797671600909,0.9272719964745555,0.6873507293884459,0.6873507293884459,313.7872760981984,-469.38947628465104
0.8806698362221451,5184.331351109495,2.4563756574993363,1.393946146158146,1.393946146158146,307.2061931769736,-457.5732763198715
0.8808497346095019,5185.390377785813,2.5340071746584902,1.9292820581257024,1.9292820581257024,306.24773430170177,-456.8697109209686
0.8834333834227595,5200.599813821782,2.8973644802263876,2.1337757387288163,2.1337757387288163,298.9997123577719,-443.5589994681193
0.8844320293398498,5206.478647322925,2.799885429386665,2.2420445957144306,2.2420445957144306,296.08121454206116,-438.4745306374086
0.8860355180782047,5215.9180724008465,2.4800291977797815,2.3418018983476085,2.3418018983476085,291.3665834388552,-430.33514251108426
0.886816854589921,5220.517647868122,2.2874349781222927,2.2206197435967607,2.2206197435967607,289.1762292430618,-426.30831498145216
0.8884403737065655,5230.074987871559,1.9232417924219958,2.069643190105042,2.069643190105042,284.4374453932007,-418.0516247964704
0.8889135062916567,5232.860227007989,1.872790654860373,1.8729800568713328,1.8729800568713328,283.1660843197491,-415.58985718418904
0.8891977515465288,5234.533523316807,1.825087720173158,1.6364416155350552,1.6364416155350552,282.48258127661927,-414.0457821071479
0.8908728926304098,5244.394751760772,1.365736264741706,1.3852980411892584,1.3852980411892584,277.40307229312697,-405.6353256801252
0.8925416917821709,5254.218646488782,1.1752181932330243,1.1295874544013413,1.1295874544013413,272.1374993678006,-397.37685073225504
0.8933849884886264,5259.1829695230745,1.1273962811230014,0.8874813713725763,0.8874813713725763,269.4930651414404,-393.18393644146533
0.8969763790142081,5280.324784230527,0.6710394573601672,0.5625213702505272,0.5625213702505272,257.135993436209,-376.0705097768571
0.8986862432706552,5290.3904212107445,0.21973702866761075,0.1924244233453637,0.1924244233453637,251.15129612031745,-367.9816902564354
0.8997658417912583,5296.745806880571,-0.013960302968959844,-0.20914995735105302,-0.20914995735105302,247.41873095213717,-362.8255990445913
0.9004662901094724,5300.869209348319,-0.25571295483689066,-0.8827420810992526,-0.8827420810992526,245.27411910145156,-359.24025805637075
0.9022237343019592,5311.214940120726,-1.051849355238069,-1.7344147151162355,-1.7344147151162355,239.13107211459825,-350.8493047025574
0.9030218808370845,5315.9134729131965,-1.5057848019733133,-2.6504186668668392,-2.6504186668668392,236.68191086588504,-346.72108676337376
0.9042147059967341,5322.93540169651,-2.2484331615260444,-3.674607781387078,-3.674607781387078,232.69369513011688,-340.79630380899005
0.9081159496771019,5345.901261418934,-4.887110920500772,-4.7217684916124165,-4.7217684916124165,217.63817255488132,-323.2983463527867
0.9104984656895029,5359.9266679329085,-6.537657425029844,-5.8245166539934665,-5.8245166539934665,208.60719567817657,-312.443443865429
0.9121282044999851,5369.520622059404,-7.572996108395268,-6.866887458471802,-6.866887458471802,202.60457751256718,-304.8597638552851
0.9148017869328189,5385.259479751833,-8.99796500201454,-7.90732217377953,-7.346,191.88781369134892,-293.3207884420611
0.9157675471746801,5390.9447217047245,-9.438406694997006,-8.893732958059296,-7.3,187.8748987451349,-289.3063365993743
0.917856401319055,5403.241398147094,-10.180446416266337,-9.520210503209292,-7.162,179.2290113568017,-280.63896289126893
0.918628822724057,5407.788492122059,-10.433186595543086,-9.92631462708121,-7.115,176.05408114143387,-277.41751347677206
0.92011917849047,5416.561925486448,-10.86969723974287,-10.139273625332388,-7.069,169.9771362361963,-271.1253145020863
0.9212224369891938,5423.056592827216,-11.126130220043935,-10.116291504899202,-6.977,165.48972538494516,-266.5076605839314
0.93083617096154,5479.65076737947,-10.525408826850725,-9.908068528697196,-7.138,128.12154712976692,-224.41839138421025
0.9314382804472007,5483.195268343306,-10.192594539877119,-9.540706675635757,-7.161,125.83285981454209,-221.7224860320598
0.9321905330952575,5487.623632784634,-9.489627092655876,-8.822918736326804,-7.184,122.9667959104009,-218.35094595479444
0.9327724147809305,5491.049056639971,-8.791125918115865,-7.979913562480238,-7.184,120.73485918117092,-215.75248736835673
0.9335307156623366,5495.513025849944,-7.564399909178952,-7.062749680936686,-7.062749680936686,117.68912772332177,-212.43927001405132
0.9338551783394203,5497.423074269776,-6.874189738713392,-6.1563127783228895,-6.1563127783228895,115.74582167888026,-211.59646647722775
0.9352890625965159,5505.86407088641,-3.973095141762486,-5.248283273573402,-5.248283273573402,108.80614032820989,-205.93110986959059
0.9355351722584879,5507.312870406837,-3.2826506751237763,-4.450796673765739,-4.450796673765739,107.17195666191544,-205.52831625180005
0.9359355795359356,5509.669989858764,-2.871655286151978,-3.889461434588588,-3.889461434588588,104.2034543053266,-204.4175399739409
0.93617685473057,5511.090329814035,-2.3674767033265542,-3.478941539818392,-3.478941539818392,102.71174240052501,-204.08957839625637
0.9377039465157921,5520.0800209474455,-2.0203289971317306,-3.209800455259881,-3.209800455259881,92.1193799081403,-202.55922491325
0.9380388317956447,5522.051425194481,-2.312247694386915,-3.280327720415681,-3.280327720415681,90.1549467235163,-202.58908507756684
0.9391788897945126,5528.762724006495,-3.7391087655215056,-3.502462065556235,-3.502462065556235,82.49144339952147,-204.0851254172144
0.9396675333050916,5531.6392729323425,-3.869720856247186,-3.845492456140774,-3.845492456140774,79.68823363420522,-204.71883804221463
0.9403286837198118,5535.531336316206,-4.451919977686791,-4.255225960442163,-4.255225960442163,75.5465875348388,-206.30096909023376
0.9405849284614721,5537.039799071607,-4.60784052816469,-4.834131961372996,-4.834131961372996,73.98425535182315,-206.487584531158
0.9412803320490671,5541.133504195321,-5.281859781388758,-5.4101914939987035,-5.4101914939987035,69.75297468247746,-208.82640257673717
0.9421265307508219,5546.114910709247,-5.958928801412834,-5.868166122884045,-5.868166122884045,65.20486955239116,-212.2236562411799
0.9422579587275223,5546.888601543196,-6.055078242039051,-6.340054345989433,-6.340054345989433,64.33518634892515,-212.39031780072722
0.9436188846380223,5554.900106620524,-7.2304830055092335,-6.783371285013168,-6.783371285013168,57.969396052715574,-218.2279510162196
0.9440254407319278,5557.293422954214,-7.496783488018275,-7.229226596757349,-7.183,56.143576012233964,-219.49824913463746
0.94500948169666,5563.086279952839,-7.8608804254895865,-7.688133731836826,-7.064,52.25778977635978,-223.092972775368
0.9455526440045067,5566.283770391923,-8.116714864195675,-8.101987177826869,-7.064,49.72202497433444,-225.04075150429202
0.9463823145170497,5571.167878683538,-8.441772428900414,-8.591332574601195,-6.982,46.17207368161526,-227.4171659911759
0.9469519577000362,5574.52125686346,-8.620538333862308,-8.949240803867903,-6.726,43.87519392940366,-228.9282371851149
0.9483863327247173,5582.965142533035,-9.412023997104054,-9.255088286453079,-6.823,37.174349395880654,-231.70146073350259
0.9486925298706606,5584.767665337885,-9.683609815323218,-9.402091751263315,-6.823,35.45418908135245,-232.24010435810786
0.9500981852669398,5593.042484163346,-10.459186813007996,-9.486098371446923,-7.096,29.236324869055597,-232.9941453570117
0.9501733513320266,5593.484972110294,-10.451657068909613,-9.246781654500168,-7.096,28.794134544955256,-232.97791882113978
0.9512583248337885,5599.87199924459,-10.24941083128485,-8.671820318075497,-7.18,23.925606631860727,-232.12313907468464
0.952878448854314,5609.409352980159,-9.183911608781699,-7.844386670660386,-6.853,17.282625731931752,-229.42233845851214
0.9531098018191351,5610.771282706104,-8.872774445848155,-6.958796587615477,-6.853,16.110612626481732,-228.72862536286846
0.9546372704855435,5619.763192465462,-6.287921976379625,-5.797867366320206,-5.797867366320206,9.609626031477745,-224.87545183948887
0.9556919447687167,5625.971854016673,-3.445886306040266,-4.589365037455968,-4.589365037455968,4.617864187197965,-221.71534609882488
0.9570205766157388,5633.7932502486,-1.965121170368049,-3.416225264348979,-3.416225264348979,-1.367928674359172,-217.02416537629975
0.9572908876382263,5635.384518452407,-1.7132990679190288,-2.3473821790166305,-2.3473821790166305,-3.2220291729914083,-216.56857472982816
0.9590402263889798,5645.682534072139,-0.010823821350565505,-1.3045208345897235,-1.3045208345897235,-10.70501434415185,-209.52948173483077
0.9595488415223877,5648.676652041578,0.4248638908685278,-0.4261694955831803,-0.4261694955831803,-13.269837506778476,-207.79673603437294
0.9600435295069712,5651.588783605542,0.30884712667805475,0.14377551564463556,0.14377551564463556,-15.542872172093166,-205.89756729363833
0.9610463615399834,5657.492259953663,0.4356761592094356,0.5554808817383922,0.5554808817383922,-19.493353785757233,-201.4786920700026
0.9615555538126203,5660.4897754290405,0.5129776539940084,0.89815257832022,0.89815257832022,-21.55602201251966,-199.28181603897391
0.9655754787831725,5684.1542887310325,1.6172400746792635,0.944687002478454,0.944687002478454,-34.61862685975046,-179.43795295475826
0.9657600838240161,5685.241022557326,1.6836187950100767,0.9303703712827311,0.9303703712827311,-35.14847478711111,-178.48882899216156
0.9664778009229825,5689.466082965163,1.7402271244757606,0.7524257027066068,0.7524257027066068,-37.05670780179854,-174.6894208111575
0.9671576377642641,5693.46814969316,1.3707462013174214,0.5003995539401465,0.5003995539401465,-38.71934486206937,-171.02123110186076
0.9693755969237808,5706.524842148405,0.40798599607353975,0.14209116218522252,0.14209116218522252,-44.045917249670914,-159.07480299295406
0.9696181870666258,5707.952922947012,0.2960142101070237,-0.4527267195842095,-0.4527267195842095,-44.06666452678679,-157.52146169412333
0.9720658106166988,5722.361604821244,-1.2926548905070634,-1.1429065177941837,-1.1429065177941837,-48.635012182235336,-143.90235232514684
0.9726983979155551,5726.085522719742,-1.832559179688708,-2.0042069965333384,-2.0042069965333384,-49.01278557072606,-140.08835668515624
0.9736473909735633,5731.672059535539,-2.7117978718003077,-2.872388898492659,-2.872388898492659,-49.85041539440184,-134.53819027826196
0.974737919851726,5738.0917900858685,-3.736120861245625,-3.7882692770728688,-3.7882692770728688,-50.690175756909944,-128.236770223557
0.9755078001816906,5742.623925248303,-4.5279993888796914,-4.795681837587703,-4.795681837587703,-50.85338067661624,-123.67062812452644
0.9768023765078414,5750.244843279127,-6.011477184176631,-5.65609085136969,-5.65609085136969,-51.76332867913567,-116.14911994863758
0.9771924977298935,5752.541410731572,-6.4428909163164665,-5.915081138959454,-5.915081138959454,-51.955268111959896,-114.01392783066356
0.9785001522307624,5760.239317423091,-7.834937411148343,-5.869510936772404,-5.869510936772404,-53.176607823364634,-106.69900992609068
0.9797940053224877,5767.855977914083,-8.770698834526486,-5.378551615664003,-5.378551615664003,-54.021956927552196,-99.99384216226477
0.9808065751033149,5773.8167784820325,-9.03633601454495,-4.5574287885789015,-4.5574287885789015,-54.37199172731241,-94.56381805053992
0.9845777138261891,5796.016735726223,-4.163471767996587,-3.511994116679042,-3.511994116679042,-46.60854753477392,-76.10914980961599
0.9856186098756584,5802.144287506194,-2.3016660521168495,-2.364373519780215,-2.364373519780215,-44.152606490673406,-70.50437686140494
0.9878409794125177,5815.226942991608,0.6825130287299835,-1.0271820126862359,-1.0271820126862359,-37.66777076694647,-59.09598646351351
0.9902263921816199,5829.269402146611,2.862106054886215,0.4196817762760579,0.4196817762760579,-30.63233451308915,-46.85990756888637
0.9910731286244284,5834.253974237113,3.397434862922114,1.8968230452160297,1.8968230452160297,-28.91072192474827,-41.95418057886567
0.9922235542001584,5841.0263049495625,3.8856944557729687,2.8262648520035905,2.8262648520035905,-25.695115537997204,-35.921072221892715
0.9946151796851835,5855.105337150003,4.199786152697472,2.8262648520035905,2.8262648520035905,-17.43817679300033,-24.51507550066645
0.9971696572273655,5870.143047609634,4.251075266134158,2.8262648520035905,2.8262648520035905,-8.619088216223556,-12.335109970024906
0.9980692753916662,5875.438924067966,4.257935405914797,2.8262648520035905,2.8262648520035905,-5.513810815786428,-8.0453840067098
0.9996609498317,5884.808800678733,4.201504493091459,2.8262648520035905,2.8262648520035905,-0.020352770896487904,-0.455220868321897
